time,sst
2015-01-02,27.5636143294224
2015-01-03,27.6682189518589
2015-01-04,27.5771179401969
2015-01-05,27.5431896298371
2015-01-06,27.4752843176881
2015-01-07,27.1378215840728
2015-01-08,27.4974334275914
2015-01-09,27.4862828886345
2015-01-10,27.5923808346337
2015-01-11,27.4472634720725
2015-01-12,27.3196037024069
2015-01-14,27.2132698975327
2015-01-15,27.6012410207709
2015-01-16,27.4896507556788
2015-01-17,27.251721370378
2015-01-18,28.0158252308458
2015-01-19,27.5366826838449
2015-01-20,27.6084838043456
2015-01-21,27.4031560442582
2015-01-22,27.4788434020823
2015-01-23,27.7428258456829
2015-01-24,27.6819175853742
2015-01-25,27.6550492878916
2015-01-26,27.5450321561353
2015-01-27,27.4006379960174
2015-01-28,27.1443100380655
2015-01-29,26.9657820554446
2015-01-30,26.9115397133055
2015-01-31,27.1728983079213
2015-02-01,27.1128332106084
2015-02-02,27.2997372999192
2015-02-03,27.1418487227976
2015-02-04,26.9595751281683
2015-02-05,27.3088836403779
2015-02-06,27.3734728259154
2015-02-07,27.4209098356825
2015-02-08,27.3597486125462
2015-02-09,27.7658401499086
2015-02-10,27.8558335157652
2015-02-11,27.6229348566709
2015-02-12,27.7840310375973
2015-02-13,27.5302244738029
2015-02-14,27.1251491819163
2015-02-15,26.8710332005953
2015-02-17,26.7855943053609
2015-02-18,27.2687149567901
2015-02-19,27.5283492504233
2015-02-20,27.4468173198102
2015-02-21,27.068227320484
2015-02-22,26.7936649025626
2015-02-23,27.2005710611498
2015-02-24,26.9962786893536
2015-02-25,27.4529299005773
2015-02-26,27.6605662810711
2015-02-27,27.4987116778093
2015-02-28,27.6819307337656
2015-03-01,27.2622581160659
2015-03-02,27.2911290489402
2015-03-03,26.8235689377327
2015-03-04,27.3692927370025
2015-03-05,27.2531606790431
2015-03-06,27.461780885857
2015-03-07,26.8596069310774
2015-03-08,27.1686122958372
2015-03-09,27.2901492720261
2015-03-10,27.0187455997773
2015-03-11,27.3429834287758
2015-03-12,27.1743688402279
2015-03-13,26.8762303653675
2015-03-14,27.0541978893224
2015-03-15,27.2528116933011
2015-03-16,26.8940801789812
2015-03-17,26.9620631029567
2015-03-18,27.1269323737218
2015-03-19,27.3042714802315
2015-03-20,27.5307632201495
2015-03-21,27.6641144236367
2015-03-23,28.2328719436516
2015-03-24,27.8957080489249
2015-03-25,28.0535505541026
2015-03-26,27.541460091562
2015-03-27,27.9920816224822
2015-03-28,28.2048252371567
2015-03-29,27.8913859923237
2015-03-30,28.5940068427521
2015-03-31,27.6474716969582
2015-04-01,27.7844261337139
2015-04-02,27.7736782430557
2015-04-03,28.1341676368121
2015-04-04,27.8537623812993
2015-04-05,28.1763346984115
2015-04-06,27.9776302036726
2015-04-07,27.9367145860474
2015-04-08,28.3764051324589
2015-04-09,27.6712383839272
2015-04-10,28.3408245742385
2015-04-11,28.0154729767436
2015-04-12,28.2582177985907
2015-04-13,27.8846608372217
2015-04-14,27.5754895073473
2015-04-15,28.5607085144167
2015-04-16,27.5406857569907
2015-04-17,28.40109443535
2015-04-18,27.7602292825835
2015-04-19,28.3214663464105
2015-04-20,28.090998491198
2015-04-21,27.8723211674895
2015-04-22,28.4165252627854
2015-04-23,28.1348792237162
2015-04-24,28.5402618675086
2015-04-25,27.8896813628059
2015-04-26,28.9836747851367
2015-04-27,27.7706838676255
2015-04-28,28.7615361204195
2015-04-29,27.1394248502231
2015-04-30,28.4066778274943
2015-05-01,30.1263092045541
2015-05-02,28.7336440570314
2015-05-03,29.5514292810664
2015-05-04,28.6084438204714
2015-05-05,29.3239534305741
2015-05-06,28.9876879377443
2015-05-07,29.1387806620321
2015-05-08,29.4865755411928
2015-05-09,28.6645074714864
2015-05-10,29.1198799049754
2015-05-11,28.42834057911
2015-05-12,28.8170746696336
2015-05-14,28.1579432085057
2015-05-15,29.3521379034602
2015-05-16,28.3346388334495
2015-05-17,29.1825335747279
2015-05-18,28.3752124333699
2015-05-19,29.3757146479268
2015-05-20,28.3703945699038
2015-05-21,29.1907314919928
2015-05-22,29.6969616149233
2015-05-23,28.3699272683514
2015-05-24,29.1183848105805
2015-05-25,28.2193690382646
2015-05-26,28.1490803671646
2015-05-27,27.7734131275908
2015-05-28,28.9610534459128
2015-05-29,28.7680114800783
2015-05-30,29.395192943278
2015-05-31,29.4398024960604
2015-06-01,29.4432809342896
2015-06-02,29.5412719238612
2015-06-03,28.3276694823179
2015-06-04,29.3612942875432
2015-06-05,27.9928392248786
2015-06-06,29.4405827866569
2015-06-07,27.9145463023318
2015-06-08,29.1117113684161
2015-06-09,29.2842664986886
2015-06-12,28.6147052283561
2015-06-13,29.3716119218565
2015-06-14,27.9788784526146
2015-06-15,28.5593257138541
2015-06-16,27.652093757691
2015-06-17,28.3923905209217
2015-06-18,29.8571778457894
2015-06-19,27.8703122294458
2015-06-20,29.4924097303725
2015-06-21,26.5023925483906
2015-06-22,28.3735713731569
2015-06-23,28.2492181194277
2015-06-24,29.1056174297479
2015-06-25,28.8768989730426
2015-06-26,28.144324868882
2015-06-27,27.8180162235856
2015-06-28,27.3905188335547
2015-06-29,27.6796538177085
2015-06-30,28.082061330392
2015-07-01,28.6930508974173
2015-07-03,27.6154831267085
2015-07-04,27.897222700776
2015-07-05,27.3436430692098
2015-07-06,28.0384056382052
2015-07-07,27.4815903989986
2015-07-08,29.1025686802265
2015-07-09,27.8933079375315
2015-07-10,27.1439648817002
2015-07-11,27.4741353269676
2015-07-12,28.3110862873982
2015-07-13,28.7623482626161
2015-07-14,28.3023711073782
2015-07-15,29.4876876646993
2015-07-16,27.4660262563195
2015-07-17,27.971768566017
2015-07-18,28.3035809492634
2015-07-19,29.1493067051844
2015-07-20,28.9695301853828
2015-07-21,28.2922427669313
2015-07-22,28.5917245751556
2015-07-23,28.1815937703653
2015-07-24,28.9745848720027
2015-07-25,28.7389233102555
2015-07-26,28.4980536533871
2015-07-27,27.6964396334138
2015-07-28,27.4406964480361
2015-07-29,28.1819471075695
2015-07-30,27.3659406840286
2015-07-31,28.6791394791079
2015-08-01,28.7366553993062
2015-08-02,29.2462292631853
2015-08-03,29.0720853748215
2015-08-04,28.9397385539231
2015-08-05,28.9629511014744
2015-08-06,28.0465790980473
2015-08-07,28.7004734922331
2015-08-08,28.364280048095
2015-08-09,28.6538212820697
2015-08-10,28.6518958796964
2015-08-11,28.8739563369333
2015-08-12,28.929533633576
2015-08-13,28.7956178630648
2015-08-14,29.5813130319057
2015-08-15,29.0353682614447
2015-08-16,29.207963732681
2015-08-17,29.0592474576575
2015-08-18,28.8249398358154
2015-08-19,29.1100895321988
2015-08-20,28.9783429558179
2015-08-21,29.1838021889367
2015-08-22,28.4589423546706
2015-08-24,28.7465846662291
2015-08-25,28.9596423680516
2015-08-26,28.8253496881964
2015-08-27,29.2833408634324
2015-08-28,29.1570301872948
2015-08-29,28.9689423051507
2015-08-30,29.0896505141356
2015-08-31,28.998962107354
2015-09-01,29.587598217877
2015-09-02,29.2327612988248
2015-09-03,29.6465107468451
2015-09-04,28.7399949925412
2015-09-05,29.2881051047352
2015-09-06,29.6021474529651
2015-09-07,28.6645478240502
2015-09-08,28.9116891925812
2015-09-09,28.6484079749926
2015-09-10,28.6930361416502
2015-09-11,28.6934411355669
2015-09-12,29.204818242619
2015-09-13,28.6454356292625
2015-09-14,28.8762987468164
2015-09-15,29.1873937946697
2015-09-16,29.3210538167502
2015-09-17,29.6704406210719
2015-09-18,29.0882449696968
2015-09-19,29.210085077309
2015-09-20,29.3400037495814
2015-09-21,29.4546268132901
2015-09-22,29.8575164442068
2015-09-23,29.1682530879434
2015-09-24,29.2196978658946
2015-09-25,29.6203885639662
2015-09-26,29.4288150708236
2015-09-27,29.2035993531417
2015-09-28,29.3633539130258
2015-09-29,29.2090531791641
2015-09-30,29.6574900486398
2015-10-01,30.000494252955
2015-10-02,29.7767955431125
2015-10-03,29.9701336531521
2015-10-04,29.9015847304869
2015-10-05,29.9217832004974
2015-10-06,29.5179507655486
2015-10-07,29.4696192427577
2015-10-08,29.913677124404
2015-10-09,29.4130092880245
2015-10-10,29.7049004060367
2015-10-11,29.6729703069815
2015-10-12,29.7147954545856
2015-10-13,29.587238804551
2015-10-14,30.0381262378535
2015-10-15,29.0271641300512
2015-10-16,29.1722914512621
2015-10-17,28.7948536571402
2015-10-18,29.2952758862424
2015-10-19,29.1196750836812
2015-10-20,29.3641420018146
2015-10-21,29.4836416149182
2015-10-22,29.4356162791063
2015-10-23,29.2840769962751
2015-10-24,29.2374641474893
2015-10-25,29.3182273873617
2015-10-26,29.1638129527256
2015-10-27,29.493298785405
2015-10-28,29.6014923315505
2015-10-29,29.2714673029783
2015-10-30,29.5143495972979
2015-10-31,29.573413670026
2015-11-01,29.6283960702818
2015-11-02,29.5365875729698
2015-11-03,29.8167512864517
2015-11-04,29.6498142614057
2015-11-05,29.3722002934064
2015-11-06,29.2911074915938
2015-11-07,29.5448924318734
2015-11-08,29.3466397633444
2015-11-09,29.6387480994762
2015-11-10,28.9880134613065
2015-11-11,29.1371128739056
2015-11-12,28.6643811569238
2015-11-13,29.0920523522671
2015-11-14,28.8370061646297
2015-11-15,28.7886428295615
2015-11-16,29.2053274479325
2015-11-17,28.9002670412591
2015-11-18,29.2074059166869
2015-11-19,28.4644456375256
2015-11-20,28.5576728809114
2015-11-21,28.6183081180597
2015-11-22,28.7273021739492
2015-11-23,28.6704633036715
2015-11-24,28.7490638500444
2015-11-25,28.5557651703285
2015-11-26,28.6682743441866
2015-11-27,28.5007132042626
2015-11-28,28.5828720115827
2015-11-29,28.6734641104879
2015-11-30,28.2990865359033
2015-12-01,28.4665786542237
2015-12-02,28.5180984027726
2015-12-03,28.7687856252749
2015-12-04,29.0105075990649
2015-12-05,28.9310352385081
2015-12-06,28.9143459956543
2015-12-07,28.684731905497
2015-12-08,28.9007776095171
2015-12-09,28.7259401751879
2015-12-10,28.6432046784936
2015-12-11,28.8346778381018
2015-12-12,28.4377460800553
2015-12-13,28.4737433535144
2015-12-14,28.5212233475634
2015-12-15,28.7740474754965
2015-12-16,28.6615937423045
2015-12-17,28.8633589230611
2015-12-18,28.8917303310254
2015-12-19,28.8112474044751
2015-12-20,28.9580962784735
2015-12-21,28.3289651683631
2015-12-22,28.6830140267417
2015-12-23,28.1633960305655
2015-12-24,28.7857270073198
2015-12-25,28.5887628648511
2015-12-26,28.6292042849318
2015-12-27,28.6091369762913
2015-12-28,28.3821125902919
2015-12-29,29.0672183233163
2015-12-30,28.1341317728969
2015-12-31,28.5178126237709
2016-01-01,28.30390653704
2016-01-03,28.3516969902275
2016-01-04,28.6498297768651
2016-01-05,29.0449033759455
2016-01-06,28.4247847989909
2016-01-07,28.4862132657012
2016-01-08,28.0284484553629
2016-01-09,28.415174605419
2016-01-10,28.3647609082991
2016-01-11,28.6816808721374
2016-01-12,29.2429078857676
2016-01-13,28.508514441555
2016-01-14,28.7776736075013
2016-01-15,28.2623427304926
2016-01-16,28.5642356836821
2016-01-17,28.3473315773515
2016-01-18,28.7545097101584
2016-01-19,28.5084278144234
2016-01-20,28.1352347832236
2016-01-21,28.7400826667973
2016-01-22,28.4728971904263
2016-01-23,28.7140271937213
2016-01-24,27.9281693499552
2016-01-25,27.9070453333659
2016-01-26,27.7834896781956
2016-01-27,28.2895544089029
2016-01-28,28.3445014597651
2016-01-29,28.1389800388184
2016-01-30,28.0932144177243
2016-01-31,27.7547937082478
2016-02-01,28.0622908929103
2016-02-02,27.7870860501572
2016-02-03,27.9674619808841
2016-02-04,28.1613564242886
2016-02-05,28.0892399368569
2016-02-06,28.0960569078141
2016-02-07,27.9680262955743
2016-02-08,27.6704330055027
2016-02-09,27.6806690399608
2016-02-10,27.9377709733946
2016-02-11,27.4963751504543
2016-02-12,27.5806423953889
2016-02-13,28.1416687414346
2016-02-14,27.5450444772416
2016-02-15,27.6503987681265
2016-02-16,27.4879608313914
2016-02-17,27.739808439179
2016-02-18,27.1703159319674
2016-02-19,27.3731044837134
2016-02-20,27.7569870531712
2016-02-21,27.5380546670638
2016-02-22,27.7524095792894
2016-02-23,27.8643429094663
2016-02-24,28.1542880640693
2016-02-25,27.3542878403252
2016-02-26,27.8079261476034
2016-02-27,27.4897262653852
2016-02-28,27.6848864332983
2016-02-29,27.6622468369436
2016-03-01,27.6231792047851
2016-03-02,27.5697371512686
2016-03-03,27.6095262473583
2016-03-04,28.145121320078
2016-03-05,27.7235013532473
2016-03-06,28.0855774465588
2016-03-07,28.3383044382572
2016-03-08,27.6127252380356
2016-03-09,28.686639935193
2016-03-10,28.0598322567538
2016-03-11,28.2584717174545
2016-03-12,27.9684392950914
2016-03-13,27.7989716279787
2016-03-14,27.8986759642539
2016-03-15,28.0856366961408
2016-03-16,28.4101915019383
2016-03-17,27.9571037042467
2016-03-18,28.6497648515929
2016-03-19,27.60961175574
2016-03-20,28.3778288700612
2016-03-21,28.3610301536497
2016-03-22,28.3832631990475
2016-03-23,28.3866984069274
2016-03-24,28.1565422191002
2016-03-25,28.6847049061373
2016-03-26,27.4509947534075
2016-03-27,28.197066072624
2016-03-28,27.6354341507889
2016-03-29,28.2908566911768
2016-03-30,28.3443055947615
2016-03-31,28.7943448432995
2016-04-01,29.7173895802482
2016-04-02,28.6986998137772
2016-04-03,29.1750242084111
2016-04-04,28.3267448161648
2016-04-05,28.6613805533761
2016-04-06,28.2428393314489
2016-04-07,28.8692973750868
2016-04-08,28.8739543871831
2016-04-09,28.5539486465927
2016-04-10,28.1501993372075
2016-04-11,27.8795363312267
2016-04-12,28.534713217458
2016-04-13,28.4826794566761
2016-04-14,28.822820826594
2016-04-15,28.6932536745465
2016-04-16,28.7925991336027
2016-04-17,29.3222528238594
2016-04-18,28.6709620610406
2016-04-19,28.9465056528332
2016-04-20,28.3083637996704
2016-04-21,29.3142467965556
2016-04-22,29.2877610907146
2016-04-23,29.7548480738458
2016-04-24,30.0437137521798
2016-04-25,28.5690441293318
2016-04-26,28.8479115834569
2016-04-27,28.0458211223998
2016-04-28,29.0062572720424
2016-04-29,28.7692838616362
2016-04-30,29.1379393779543
2016-05-01,28.9172496447646
2016-05-02,28.4064730819311
2016-05-03,28.1272013671299
2016-05-04,28.569092139731
2016-05-05,28.9112382100046
2016-05-06,29.3473041740185
2016-05-07,29.0991136888552
2016-05-08,28.927015312377
2016-05-09,28.8468856222408
2016-05-10,28.779385052969
2016-05-11,29.0750207561065
2016-05-12,29.4033004130597
2016-05-13,28.8261404966983
2016-05-14,29.4434675991502
2016-05-15,29.0746833757303
2016-05-16,29.2719812829477
2016-05-17,29.42220913614
2016-05-18,28.9722390029175
2016-05-19,28.8440579298048
2016-05-20,28.5151390944728
2016-05-21,29.0197138565143
2016-05-22,28.4137868313487
2016-05-23,28.8970711133576
2016-05-24,29.041341323751
2016-05-25,29.3215169469976
2016-05-26,28.7156244340285
2016-05-27,28.9317543837439
2016-05-28,29.0372293421173
2016-05-31,28.9235614802417
2016-06-01,29.0740837488287
2016-06-02,29.4250545288821
2016-06-04,29.2285032476032
2016-06-05,28.8742199785791
2016-06-06,29.0871623814739
2016-06-07,28.6900688551285
2016-06-08,28.974621804962
2016-06-09,28.7255908036058
2016-06-10,29.3526373793666
2016-06-11,28.7057345897282
2016-06-12,28.565987360692
2016-06-13,29.1233462122235
2016-06-14,29.0927065406416
2016-06-15,29.4626959364287
2016-06-16,29.0787008319173
2016-06-17,29.3347981222936
2016-06-18,28.785827516193
2016-06-19,28.5481939099763
2016-06-20,29.0111124041854
2016-06-21,29.0966756017668
2016-06-22,29.452678187542
2016-06-23,28.9692679751544
2016-06-24,29.2611495265183
2016-06-25,28.1613520889644
2016-06-26,28.6011774371906
2016-06-27,28.869809812155
2016-06-28,28.3389174453647
2016-06-29,28.5612111646427
2016-06-30,28.3984186516083
2016-07-01,28.3528520026346
2016-07-02,28.3837294137233
2016-07-03,29.1960245800736
2016-07-04,28.91903911339
2016-07-05,28.651890081697
2016-07-06,28.4466556321589
2016-07-07,27.7892996423371
2016-07-08,28.2694647152771
2016-07-09,28.091061317124
2016-07-10,28.6352937084
2016-07-11,28.5690211833465
2016-07-12,28.756816564903
2016-07-13,28.429333345329
2016-07-14,28.6512179624405
2016-07-15,28.9311378012937
2016-07-16,28.7958903659103
2016-07-17,28.9875548706725
2016-07-18,29.04908196556
2016-07-19,28.7523630742155
2016-07-20,28.5014006298379
2016-07-21,28.8761346319199
2016-07-22,29.2839783044044
2016-07-23,28.351645986206
2016-07-24,28.5507766831189
2016-07-25,28.8306778945796
2016-07-26,28.5799523670652
2016-07-27,28.6175744288243
2016-07-28,28.6843604305269
2016-07-29,28.2265709617751
2016-07-30,28.5101591011575
2016-07-31,29.0778608183825
2016-08-02,29.2508728274438
2016-08-03,28.4026402570925
2016-08-04,28.5147911272609
2016-08-05,28.4057403004297
2016-08-06,28.890701490155
2016-08-07,28.8301323455615
2016-08-08,28.6318009322093
2016-08-09,28.4960024666618
2016-08-10,28.4421764915146
2016-08-11,28.8575918016319
2016-08-12,28.8767872069157
2016-08-13,29.1376124829624
2016-08-14,29.232661398247
2016-08-15,28.923205047489
2016-08-17,28.7136966484898
2016-08-18,29.0052425121843
2016-08-19,28.5456394509679
2016-08-20,28.7635293408991
2016-08-21,28.5888992945085
2016-08-22,28.7754777281122
2016-08-23,28.76076614847
2016-08-24,28.9650164164429
2016-08-25,28.9869643534741
2016-08-26,29.1705640218538
2016-08-27,29.455308072878
2016-08-28,28.481032201113
2016-08-29,29.6879723214368
2016-08-30,29.3800185391294
2016-08-31,29.2288566382019
2016-09-01,29.4397859197379
2016-09-02,28.9742510915775
2016-09-03,28.9479530318578
2016-09-04,28.6320981408203
2016-09-05,28.852232859679
2016-09-06,28.9283414676018
2016-09-07,28.8161498019022
2016-09-08,28.6841355193563
2016-09-09,28.9822800549881
2016-09-10,29.4421700037693
2016-09-11,29.5261564090797
2016-09-12,29.3440034768395
2016-09-13,29.1244615401343
2016-09-14,28.9030291122809
2016-09-15,29.3762508474316
2016-09-16,29.5170212066462
2016-09-17,28.8531336660358
2016-09-18,28.590534926958
2016-09-19,28.9613543019435
2016-09-20,29.2455088678036
2016-09-21,29.6340017109994
2016-09-22,29.308343130251
2016-09-23,29.0618625122293
2016-09-24,29.0696114264681
2016-09-25,29.2003179174131
2016-09-26,29.314375146672
2016-09-27,29.2410489564095
2016-09-28,29.2651663123054
2016-09-29,29.2580060708022
2016-09-30,29.6430220274446
2016-10-01,29.895920456626
2016-10-02,29.8267966478665
2016-10-03,29.6784078260954
2016-10-04,29.223494984158
2016-10-05,29.7136742428943
2016-10-06,29.9707117221912
2016-10-07,30.3643900376079
2016-10-08,29.93022621632
2016-10-09,29.4590049784345
2016-10-10,28.9891436863028
2016-10-11,29.3508012466337
2016-10-12,29.1745913009953
2016-10-13,29.2126922491873
2016-10-14,28.792163716557
2016-10-15,28.3093335612363
2016-10-16,29.2800372614524
2016-10-17,28.9876330002968
2016-10-18,29.326960026542
2016-10-19,28.1537177409116
2016-10-21,28.6673947242291
2016-10-22,28.7621875663925
2016-10-23,28.9043882914446
2016-10-24,29.0448453839274
2016-10-25,29.0247639285901
2016-10-26,28.7256725267618
2016-10-27,29.0775516790416
2016-10-28,29.0825143179279
2016-10-29,29.4343743177427
2016-10-30,29.0470832298983
2016-10-31,29.2566009441143
2016-11-01,29.1187873128117
2016-11-02,28.0706709937896
2016-11-04,28.4371713128769
2016-11-05,28.824995846971
2016-11-06,28.3803077764851
2016-11-07,28.8155729513244
2016-11-08,28.6942676773281
2016-11-09,28.274672099366
2016-11-10,28.3974695941663
2016-11-11,28.4902528294968
2016-11-13,28.677910652991
2016-11-14,29.1281680528295
2016-11-15,29.0898947423008
2016-11-16,29.0739258856803
2016-11-17,28.6605695342842
2016-11-18,28.7375997555207
2016-11-19,29.0296972560274
2016-11-20,28.6752319088668
2016-11-21,28.1298479727834
2016-11-22,27.5040205627031
2016-11-23,28.3528695723966
2016-11-24,28.5294624328355
2016-11-25,27.3852110945918
2016-11-26,27.2108146728639
2016-11-27,27.7299103725291
2016-11-28,28.0603543959332
2016-11-29,27.59060212745
2016-11-30,27.9381973468698
2016-12-01,28.0386115059689
2016-12-02,27.934134185942
2016-12-03,28.2034282068921
2016-12-04,28.631800505384
2016-12-05,27.8766274554893
2016-12-06,27.7916197034364
2016-12-07,27.9368808961466
2016-12-08,27.9428382870818
2016-12-09,28.4390520663185
2016-12-10,27.9342264146186
2016-12-11,28.0115403398395
2016-12-12,27.8499551144629
2016-12-13,27.2091456544239
2016-12-14,27.5776950310257
2016-12-15,27.3701485267291
2016-12-16,27.7739824120592
2016-12-17,27.7491431534969
2016-12-18,27.4359785666902
2016-12-19,27.6310660470066
2016-12-20,27.1816655845434
2016-12-21,27.7349647473087
2016-12-22,27.3326924362185
2016-12-23,27.6596651389016
2016-12-24,27.4962480353493
2016-12-25,27.387847504082
2016-12-26,27.4347734392143
2016-12-27,27.4234362305973
2016-12-28,27.4984877436975
2016-12-29,27.1401833658132
2016-12-30,27.5279002165246
2016-12-31,27.026387325823
2017-01-01,27.1707415908788
2017-01-02,27.2270716040968
2017-01-03,27.1996225300604
2017-01-04,27.5323320331428
2017-01-05,27.4793869282589
2017-01-06,27.4562955877235
2017-01-07,27.5944756219324
2017-01-08,27.7735420119107
2017-01-09,27.1553773281662
2017-01-10,26.9470678039219
2017-01-11,26.9541833490957
2017-01-12,26.8994112257066
2017-01-13,27.0173676056367
2017-01-14,26.43033869758
2017-01-15,27.1634306090219
2017-01-16,26.7774385720357
2017-01-17,27.1555774509291
2017-01-18,27.0976341252928
2017-01-19,26.8670523772687
2017-01-20,27.2679959775733
2017-01-21,27.432382674264
2017-01-22,27.273960854013
2017-01-23,27.4927661197591
2017-01-24,27.5704093360672
2017-01-25,27.2451307421293
2017-01-26,27.0442007189542
2017-01-27,27.2736254153192
2017-01-28,27.135417556604
2017-01-29,27.5557819851739
2017-01-30,27.2838707416671
2017-01-31,27.1621806261004
2017-02-01,27.0959795387782
2017-02-02,27.2327951627583
2017-02-03,27.3336444013029
2017-02-04,27.0596572727006
2017-02-05,27.3292737680104
2017-02-06,27.1850325890454
2017-02-07,27.2179401012644
2017-02-08,27.0655313113054
2017-02-09,27.4981556910163
2017-02-10,27.3452213591465
2017-02-11,26.7422829758617
2017-02-12,27.0313645862187
2017-02-13,26.9829683214743
2017-02-14,27.4514434353223
2017-02-15,27.7534034240027
2017-02-16,27.7722874184777
2017-02-17,27.7829343940037
2017-02-18,27.5255599967522
2017-02-19,27.7156872657801
2017-02-20,27.501392895227
2017-02-21,27.7917160219256
2017-02-22,27.9759892904687
2017-02-23,27.7331827149874
2017-02-24,28.0420297218876
2017-02-25,27.7729765192661
2017-02-26,27.9561371050281
2017-02-27,27.4462865108224
2017-02-28,27.6895858384528
2017-03-01,27.6159834791815
2017-03-02,27.6637008448325
2017-03-03,27.9236104383334
2017-03-04,27.6488335949322
2017-03-05,27.373711437457
2017-03-06,27.332230984405
2017-03-07,27.5425348731984
2017-03-08,27.2241996183646
2017-03-09,27.5623707046962
2017-03-10,27.6634546707296
2017-03-11,27.6055839546875
2017-03-12,27.8826779320759
2017-03-13,28.041120701877
2017-03-14,28.2412260313584
2017-03-15,27.8411857987546
2017-03-16,27.8248035823321
2017-03-17,27.8539366802773
2017-03-18,27.8698148851562
2017-03-19,27.9557602058689
2017-03-20,27.8147206337806
2017-03-21,27.8776823835046
2017-03-22,27.4102725471031
2017-03-23,27.6319007014793
2017-03-24,27.242876516695
2017-03-25,28.0188573666623
2017-03-27,28.2156116770315
2017-03-28,28.4374136014384
2017-03-29,27.6276103364986
2017-03-30,28.584260068469
2017-03-31,28.0305330198269
2017-04-01,28.7145206207235
2017-04-02,28.5937600694201
2017-04-03,28.403054612725
2017-04-04,28.5085104046301
2017-04-05,27.7414388912126
2017-04-06,29.0297549841019
2017-04-07,27.820373968518
2017-04-08,27.949561612932
2017-04-09,28.2825384873026
2017-04-10,28.0648008157171
2017-04-11,28.484549311755
2017-04-12,28.5102706436048
2017-04-13,29.0108210619829
2017-04-14,28.4523597124582
2017-04-15,28.6712389512604
2017-04-16,28.1339383496553
2017-04-17,28.6101939619657
2017-04-19,28.9400206559595
2017-04-20,29.708696603542
2017-04-21,28.9949968118296
2017-04-22,30.0613055517151
2017-04-23,29.2517100557198
2017-04-24,29.623203158583
2017-04-25,28.8887802463256
2017-04-26,28.9323516532604
2017-04-27,29.5166157488296
2017-04-28,28.5164126016368
2017-04-29,29.0159711348541
2017-04-30,28.0089161862918
2017-05-01,28.6539640648388
2017-05-02,28.3290451212185
2017-05-03,28.687843028667
2017-05-04,28.288192117986
2017-05-05,28.2561564506591
2017-05-06,28.693638442727
2017-05-07,29.1838867277433
2017-05-08,28.1054022901694
2017-05-09,28.2101660830717
2017-05-10,28.437684226226
2017-05-11,28.0159028710771
2017-05-12,28.2074450828186
2017-05-13,28.6579673247155
2017-05-14,29.0140566184859
2017-05-15,29.6354699028411
2017-05-16,29.2536630181354
2017-05-17,29.5426463521346
2017-05-18,29.1861749490922
2017-05-19,29.3202656797542
2017-05-20,29.2391755477615
2017-05-22,28.3974139322471
2017-05-23,28.8549108758519
2017-05-24,29.3534256580002
2017-05-25,28.2904402574021
2017-05-26,28.4255016481782
2017-05-27,27.8633912247277
2017-05-28,28.3953308570615
2017-05-29,28.6245927474905
2017-05-30,28.4098057988567
2017-05-31,28.6809082264118
2017-06-01,28.0051059013524
2017-06-02,28.6316754946624
2017-06-03,28.1593599512437
2017-06-04,28.4411917172144
2017-06-05,28.629599518227
2017-06-06,28.7425142294398
2017-06-07,29.1040068548991
2017-06-08,28.6267859172962
2017-06-09,28.7934021162776
2017-06-10,28.6179991759746
2017-06-11,28.3361911885252
2017-06-12,28.8062390248002
2017-06-13,28.5427940831199
2017-06-14,28.5212758063559
2017-06-15,28.8560172706286
2017-06-16,28.7637936595837
2017-06-17,29.3890121658317
2017-06-18,29.4779097550274
2017-06-19,28.1465029173853
2017-06-20,28.3321637183259
2017-06-21,28.0630023418771
2017-06-22,28.6257416955106
2017-06-23,29.0882267356311
2017-06-24,28.5652488817847
2017-06-25,28.3713996038133
2017-06-26,28.2697600994724
2017-06-27,29.3429224467419
2017-06-28,28.3101391385925
2017-06-29,28.5428146418366
2017-06-30,28.9934319220734
2017-07-01,28.464166573872
2017-07-02,28.0928712352327
2017-07-03,28.5047177620829
2017-07-04,28.8748832187735
2017-07-05,28.6309053864939
2017-07-06,28.6663542544732
2017-07-07,28.7043889050348
2017-07-08,28.4012702003715
2017-07-09,28.5090554351127
2017-07-10,28.6462413597191
2017-07-11,29.0054923376486
2017-07-12,28.2173386972786
2017-07-13,28.0857301450109
2017-07-14,28.5261951755783
2017-07-15,29.0584503669912
2017-07-16,29.0028358390087
2017-07-17,28.968470959131
2017-07-18,28.4852199169598
2017-07-19,28.6347161337691
2017-07-20,28.7113879737963
2017-07-21,28.0417549221541
2017-07-22,28.3680770390879
2017-07-23,28.5729646988287
2017-07-24,28.4641009392889
2017-07-25,28.4800184623277
2017-07-26,28.6316903980779
2017-07-28,29.0113357330587
2017-07-29,29.1905045786988
2017-07-30,28.929523771587
2017-07-31,29.0968277537657
2017-08-01,28.8063865575179
2017-08-02,28.9563967796303
2017-08-03,28.866148604773
2017-08-04,28.4689340002343
2017-08-05,28.5485132519328
2017-08-06,28.7828013916118
2017-08-07,28.7041749283063
2017-08-08,29.2688429254922
2017-08-09,28.7650062396069
2017-08-10,28.6999310154781
2017-08-11,28.8993896074834
2017-08-12,29.3479615080304
2017-08-13,28.727939896765
2017-08-14,28.8453996022993
2017-08-15,28.8173237040461
2017-08-16,29.2828662603891
2017-08-17,28.8371240832541
2017-08-18,28.6010369590948
2017-08-19,29.3471342490892
2017-08-20,29.5046799560856
2017-08-21,29.1064508146817
2017-08-22,28.850578470198
2017-08-23,29.4565777263644
2017-08-24,29.0145092936191
2017-08-25,28.9685702656106
2017-08-26,29.1282673029116
2017-08-27,28.9916104328415
2017-08-28,29.4074399726603
2017-08-29,29.3630343662742
2017-08-30,29.3522948318286
2017-08-31,29.2300272450404
2017-09-01,29.3005603268197
2017-09-02,29.2804354585536
2017-09-03,29.1879825359234
2017-09-04,29.1543059497601
2017-09-06,29.7236542382848
2017-09-07,29.7504152303481
2017-09-08,30.3289523184977
2017-09-09,29.7958662523611
2017-09-10,29.7763067527062
2017-09-11,30.4014153144289
2017-09-12,30.0485888528732
2017-09-13,29.6222124237515
2017-09-14,30.0799964454151
2017-09-15,30.1764125048359
2017-09-16,29.9180495431285
2017-09-17,30.1839560329886
2017-09-18,29.4741927048639
2017-09-19,30.0786085134085
2017-09-20,30.3319912577079
2017-09-21,30.3420152122385
2017-09-22,30.7492473752259
2017-09-23,30.6577649072094
2017-09-24,30.2796937592194
2017-09-26,30.2218864517446
2017-09-27,30.1319376277396
2017-09-28,29.6211659011038
2017-09-29,29.2265522315656
2017-09-30,29.7520582127604
2017-10-01,28.456990909975
2017-10-02,29.0862559266956
2017-10-03,29.5624354847665
2017-10-04,29.3048947934121
2017-10-05,30.0543106851364
2017-10-06,27.866702956307
2017-10-07,29.2947642338189
2017-10-08,28.6701359511174
2017-10-09,29.0704632599813
2017-10-10,28.9977110721587
2017-10-11,28.7859516050146
2017-10-12,28.8333092930545
2017-10-13,28.9410286419694
2017-10-14,29.0641415455794
2017-10-15,28.7074020877529
2017-10-16,28.85559789272
2017-10-17,29.0551359176529
2017-10-18,29.2084101205468
2017-10-19,29.4385093388134
2017-10-20,28.9561554813417
2017-10-21,28.6967247209567
2017-10-22,28.5268237744582
2017-10-23,29.1124706150735
2017-10-24,29.2301608067811
2017-10-25,29.8695770076704
2017-10-26,28.4434146232281
2017-10-27,28.2117500012372
2017-10-28,29.3704197641176
2017-10-29,28.1293172327353
2017-10-30,29.1213255836632
2017-10-31,28.8125358656878
2017-11-01,28.9149946875003
2017-11-02,28.3443319728213
2017-11-03,28.4125163155284
2017-11-04,29.0857715342919
2017-11-05,28.7732252207499
2017-11-06,28.9969942269357
2017-11-07,28.5146512066695
2017-11-08,28.9524150970049
2017-11-09,28.7439454376249
2017-11-10,28.8659587393508
2017-11-11,28.7338260968848
2017-11-12,28.9513042001229
2017-11-13,28.9444926697836
2017-11-14,28.7773596132149
2017-11-15,28.5897116556588
2017-11-16,28.4596109273282
2017-11-17,28.9714374584327
2017-11-18,28.497332028129
2017-11-19,28.7403728722308
2017-11-20,28.668758755649
2017-11-21,28.8711636861204
2017-11-22,29.2072802709808
2017-11-23,28.7676702190909
2017-11-24,28.8127041497717
2017-11-25,28.2175447237827
2017-11-26,28.6395508296953
2017-11-27,28.0530028588236
2017-11-28,28.4134156044162
2017-11-29,28.5667807038587
2017-11-30,28.0681956410227
2017-12-01,28.4275651095314
2017-12-02,27.7294135156099
2017-12-03,28.0974781556951
2017-12-04,27.6103111051483
2017-12-05,27.5272423757826
2017-12-06,27.8350943481454
2017-12-07,28.1463822408571
2017-12-08,27.7559484636474
2017-12-09,27.9570197859121
2017-12-10,28.4504796222847
2017-12-11,27.5707784067707
2017-12-12,27.506000711655
2017-12-13,27.3055719491086
2017-12-14,27.0343528406959
2017-12-15,27.2347062237268
2017-12-16,27.2941460576596
2017-12-17,27.3315843539607
2017-12-18,27.1142119677898
2017-12-19,27.3747793287731
2017-12-20,27.1990684999219
2017-12-21,27.1690160718768
2017-12-22,27.3038528626934
2017-12-23,27.1361875396359
2017-12-24,27.4674031825785
2017-12-25,27.164977873931
2017-12-26,27.8392384382658
2017-12-27,27.4395260774245
2017-12-28,27.5244802628717
2017-12-29,27.5504747487441
2017-12-30,27.6645952261635
2017-12-31,27.7783856238494
2018-01-01,27.6243268520829
2018-01-02,27.8881645748666
2018-01-03,26.8124192833668
2018-01-04,27.5596001594502
2018-01-05,26.8544114579583
2018-01-06,27.1832132053266
2018-01-07,26.690403462742
2018-01-08,26.7540807425746
2018-01-09,27.0450161569626
2018-01-10,26.9571503968721
2018-01-11,27.4016998470368
2018-01-12,27.2787693201181
2018-01-14,27.1284146286882
2018-01-15,26.7969626703645
2018-01-16,27.1354082809068
2018-01-17,26.9730586062368
2018-01-18,27.0423315136347
2018-01-19,26.549555428934
2018-01-20,26.9482709567425
2018-01-21,26.9728576247998
2018-01-22,27.0422069579106
2018-01-23,27.2321443110224
2018-01-24,27.2711286991102
2018-01-25,27.3949243109295
2018-01-26,27.2094813517254
2018-01-27,27.3599752550014
2018-01-28,27.1939444349605
2018-01-29,27.1220163559357
2018-01-30,27.1943322482452
2018-01-31,26.8466973307591
2018-02-01,27.1811157337369
2018-02-02,27.0089488644079
2018-02-03,27.1781468812397
2018-02-04,27.0327221190203
2018-02-05,27.1363033657304
2018-02-06,26.9956788434789
2018-02-07,26.8055902258073
2018-02-08,27.0032787370541
2018-02-09,26.9502763696751
2018-02-10,27.2358596499254
2018-02-11,27.3880880983418
2018-02-12,27.2237859392072
2018-02-13,27.0016219031042
2018-02-14,26.7101270725326
2018-02-15,26.8669102030618
2018-02-16,26.7509046947918
2018-02-17,26.619428529996
2018-02-18,26.9557120359402
2018-02-19,26.9324957302382
2018-02-20,26.8279446506737
2018-02-21,26.6445275590303
2018-02-22,26.8868825481847
2018-02-23,26.7555483420061
2018-02-24,27.1670220905223
2018-02-25,27.3441822913437
2018-02-26,27.2914521422552
2018-02-27,27.1115300925501
2018-02-28,27.1000535744914
2018-03-01,27.230566580031
2018-03-02,26.9693706767185
2018-03-03,27.1815744186177
2018-03-04,27.0777715937896
2018-03-05,26.8700392000731
2018-03-06,27.302867140974
2018-03-07,27.0600649436735
2018-03-08,27.3965923382568
2018-03-09,26.9864782170083
2018-03-10,27.3249889223551
2018-03-11,27.1219313647441
2018-03-12,27.3161062469781
2018-03-13,27.5343939040642
2018-03-14,27.330929141704
2018-03-15,27.9958392961006
2018-03-16,27.445155834861
2018-03-17,27.0952308843903
2018-03-18,27.3065647381761
2018-03-19,27.8338841920782
2018-03-20,27.8486565492651
2018-03-21,28.085629575167
2018-03-22,27.7717974427007
2018-03-23,27.6157651324445
2018-03-24,27.5466479147525
2018-03-25,27.5014166861943
2018-03-26,27.6503693874541
2018-03-27,27.1444165867791
2018-03-28,27.5848213709846
2018-03-29,27.3193149870198
2018-03-30,27.6373029057331
2018-03-31,27.8210366425773
2018-04-01,27.8872062928478
2018-04-02,27.7431299879252
2018-04-03,27.7613799747704
2018-04-04,28.1433550423339
2018-04-05,27.8770849679265
2018-04-06,27.9414501298189
2018-04-07,28.911930072042
2018-04-08,28.2646549248424
2018-04-09,28.6804730689795
2018-04-10,27.7209455695937
2018-04-11,28.2377433572493
2018-04-12,28.0395447013082
2018-04-13,28.0998996933529
2018-04-14,28.2963556320687
2018-04-15,28.158374766541
2018-04-16,28.9649212674045
2018-04-17,27.9783625959859
2018-04-18,27.9085256853873
2018-04-19,27.9117843050131
2018-04-20,28.0247159441884
2018-04-21,28.153504445406
2018-04-22,28.127140724848
2018-04-23,28.5716824262649
2018-04-24,27.8752697176112
2018-04-25,28.2814619128105
2018-04-26,28.0329938477819
2018-04-27,28.625559413804
2018-04-28,28.8863917449976
2018-04-29,28.8658599706871
2018-04-30,28.672241805541
2018-05-01,28.3546282543833
2018-05-02,28.8133516177817
2018-05-03,28.1496531010463
2018-05-04,28.3628313955876
2018-05-05,28.3046980867006
2018-05-06,29.0561086334948
2018-05-07,28.9550630700608
2018-05-08,29.1192422273842
2018-05-09,29.391119428727
2018-05-10,28.4418510389586
2018-05-11,29.4649901408769
2018-05-12,28.2798137391348
2018-05-13,28.863054492987
2018-05-14,28.1662800622236
2018-05-16,29.0113451587953
2018-05-17,28.9903413292554
2018-05-18,29.4037834396873
2018-05-19,28.6645474753627
2018-05-20,29.1882024757613
2018-05-21,28.2079808507153
2018-05-22,29.5121414951236
2018-05-23,28.7644113373222
2018-05-24,28.3979704161728
2018-05-25,29.9583372559088
2018-05-26,28.4931730033355
2018-05-27,28.522354639233
2018-05-28,29.1334876226889
2018-05-29,28.8650859515545
2018-05-30,28.5799291002292
2018-05-31,28.2341430921289
2018-06-01,28.8250633296848
2018-06-02,28.2430608723522
2018-06-03,29.2311748216008
2018-06-04,27.5246749370318
2018-06-05,28.5230905938231
2018-06-06,28.703506509262
2018-06-07,28.1659980530017
2018-06-08,28.4819254833751
2018-06-09,28.0672168124129
2018-06-10,27.9128298972656
2018-06-11,28.7582695346657
2018-06-12,28.7144130087857
2018-06-13,27.6454203866638
2018-06-14,28.3286028889105
2018-06-15,26.9264452269985
2018-06-16,28.3887878227745
2018-06-17,28.3054435471712
2018-06-18,27.9266780092459
2018-06-19,28.0713434735377
2018-06-20,28.8393611379877
2018-06-21,28.7995960603461
2018-06-22,28.5101446930727
2018-06-23,28.5964955283256
2018-06-24,28.3518041922689
2018-06-25,28.3122085752196
2018-06-26,27.9223519970862
2018-06-27,26.7690696310771
2018-06-28,28.1764336793833
2018-06-29,26.8422001657656
2018-06-30,27.6637257078876
2018-07-01,27.8726025335669
2018-07-02,27.641306582661
2018-07-03,28.467449868487
2018-07-04,28.2842879246863
2018-07-05,28.0213554775848
2018-07-06,26.8239841886051
2018-07-07,28.1002509478494
2018-07-08,28.1212477086832
2018-07-09,27.9684592230447
2018-07-10,28.347127960178
2018-07-11,28.0753406162139
2018-07-12,28.7177600769134
2018-07-13,26.3101121848199
2018-07-14,27.6111331583934
2018-07-15,27.4967588718945
2018-07-16,28.103940069698
2018-07-17,28.2320632339181
2018-07-18,28.2549952570292
2018-07-19,27.5215453379828
2018-07-20,28.0204892906225
2018-07-21,28.3199174875406
2018-07-22,26.2194671714829
2018-07-23,27.6911244295913
2018-07-24,27.7047620839274
2018-07-25,28.3756718900325
2018-07-26,28.2508414332239
2018-07-27,28.1038573739808
2018-07-28,28.851055485184
2018-07-29,28.1978472850217
2018-07-30,28.7304271109736
2018-07-31,28.2771317415085
2018-08-01,28.2429777764753
2018-08-02,28.4599951316703
2018-08-03,28.503025203778
2018-08-04,28.2952534675749
2018-08-05,27.7492009025357
2018-08-06,27.9192519452308
2018-08-07,28.1710052643352
2018-08-08,28.1055833937784
2018-08-09,26.8796310969978
2018-08-10,28.0328021245721
2018-08-11,28.2635839693428
2018-08-13,28.4399659530658
2018-08-14,28.5585889246735
2018-08-15,28.6870560662249
2018-08-17,28.7215980177544
2018-08-18,28.6874235140225
2018-08-19,28.7661471952822
2018-08-20,28.7407827549638
2018-08-21,28.6613593316478
2018-08-22,28.7729223876385
2018-08-23,28.6664292614711
2018-08-24,29.0493413596793
2018-08-25,28.8854845543841
2018-08-26,29.1394376745352
2018-08-27,29.082984465593
2018-08-28,28.9995764891121
2018-08-29,28.7506879938821
2018-08-30,28.9097775096185
2018-08-31,29.0278843397807
2018-09-01,28.3835154244572
2018-09-03,28.716229247553
2018-09-04,28.8188185450017
2018-09-05,28.7816868314512
2018-09-06,29.1673442007025
2018-09-07,29.5617550383208
2018-09-08,29.1468189717971
2018-09-09,29.4120728336012
2018-09-10,28.9971805538913
2018-09-11,28.898963154743
2018-09-12,28.852780362073
2018-09-13,29.2360342342865
2018-09-14,29.1790823290516
2018-09-15,29.2948740533172
2018-09-16,29.5274797832343
2018-09-17,29.6832736161431
2018-09-18,29.4427684163381
2018-09-19,29.2400934716265
2018-09-20,29.0003581040256
2018-09-21,29.2186577738167
2018-09-22,28.644186150387
2018-09-23,28.9936945977515
2018-09-24,28.8937826734472
2018-09-25,29.6115134842477
2018-09-26,28.607203798495
2018-09-27,29.0841174340162
2018-09-28,28.9556180046071
2018-09-29,29.0652864144862
2018-09-30,28.9298126652866
2018-10-01,29.3584631185178
2018-10-02,28.9861361991431
2018-10-03,28.940028925285
2018-10-04,28.9940783811782
2018-10-05,29.6884454022736
2018-10-06,28.9352084936583
2018-10-07,28.5336938614021
2018-10-08,28.735934986398
2018-10-09,27.7189553875152
2018-10-10,29.0892273673935
2018-10-11,28.4075570817622
2018-10-12,28.6634284135911
2018-10-13,28.6396728013542
2018-10-14,28.1261925486652
2018-10-15,28.6632638535189
2018-10-16,28.5157485075384
2018-10-17,28.8607109199832
2018-10-18,27.7600987446493
2018-10-19,28.0922323440533
2018-10-20,28.1776915143793
2018-10-21,28.2549874107231
2018-10-22,28.4288986236332
2018-10-23,28.3351829816442
2018-10-24,28.7350328089661
2018-10-25,28.6513179204952
2018-10-26,28.7135319950226
2018-10-27,28.5481210375448
2018-10-28,28.5873700822469
2018-10-29,28.2849127181786
2018-10-30,28.4606670240335
2018-10-31,28.4285297467712
2018-11-01,28.2979836636765
2018-11-02,28.2818167035968
2018-11-03,28.4072787096953
2018-11-04,28.6002634815433
2018-11-05,28.5834384709902
2018-11-06,28.3674047759866
2018-11-07,28.4663038102538
2018-11-08,28.3280240080037
2018-11-09,28.4559997343046
2018-11-10,28.3814378746668
2018-11-11,28.3759532470159
2018-11-12,28.4138404348652
2018-11-13,28.6024178401976
2018-11-14,28.5847367989574
2018-11-15,28.6257776566248
2018-11-16,28.4598756601368
2018-11-17,28.2971376858205
2018-11-18,28.4733521621238
2018-11-19,28.3307144145958
2018-11-20,28.1452117258233
2018-11-21,28.3385307725837
2018-11-22,28.5532358513191
2018-11-23,28.5164128136388
2018-11-24,28.3036205728924
2018-11-25,28.3544469842118
2018-11-26,28.2259741035515
2018-11-27,28.5836495688621
2018-11-28,28.6002298540995
2018-11-29,28.6894845931969
2018-11-30,28.4659862684615
2018-12-01,28.3351119394683
2018-12-02,28.2019330551009
2018-12-03,28.0018406596428
2018-12-04,28.1408790035774
2018-12-05,28.0006339533393
2018-12-06,28.0881198642998
2018-12-07,27.9190389519624
2018-12-08,27.7601842135999
2018-12-09,28.0182194025111
2018-12-10,27.7920965295761
2018-12-11,28.0324090825389
2018-12-12,27.7801864957354
2018-12-13,27.881810717801
2018-12-14,27.7598284736656
2018-12-16,27.9276082181107
2018-12-17,27.435805850304
2018-12-18,28.0357006162227
2018-12-20,28.1683872844768
2018-12-21,28.3398176435034
2018-12-22,27.8543562331083
2018-12-23,27.6628214054275
2018-12-24,27.7697845906754
2018-12-25,27.8194820489736
2018-12-26,27.8798120032625
2018-12-27,27.8399600995884
2018-12-28,27.6368532636676
2018-12-29,27.5771731106883
2018-12-30,27.6573484758426
2018-12-31,27.3226640709757
2019-01-01,27.6818555811683
2019-01-02,27.4119113345462
2019-01-03,27.6079340793093
2019-01-04,27.7438148350372
2019-01-05,28.0717454940942
2019-01-06,27.9757062605365
2019-01-07,27.5388650550174
2019-01-08,27.8293869313509
2019-01-09,27.6015618436702
2019-01-10,27.9050542635647
2019-01-11,27.7736662469386
2019-01-12,27.4578885341374
2019-01-13,27.6528130248638
2019-01-14,27.5425096922285
2019-01-15,27.6142426621461
2019-01-16,27.4844716275357
2019-01-17,27.4865766976108
2019-01-18,27.3984811270514
2019-01-19,27.3071751629668
2019-01-20,27.8076766550974
2019-01-22,27.4484435183087
2019-01-23,27.0564368194663
2019-01-24,27.3442447545678
2019-01-25,26.9335867098446
2019-01-26,27.3762293277444
2019-01-27,27.4250906599379
2019-01-28,27.5079133166106
2019-01-29,27.7608290542147
2019-01-30,27.321494475159
2019-01-31,27.4546096031982
2019-02-01,26.963504766627
2019-02-02,27.5466954433787
2019-02-03,27.2503419141003
2019-02-04,27.5757812454067
2019-02-05,27.8883322855757
2019-02-06,27.4304209484728
2019-02-07,27.5106541828315
2019-02-08,27.2703211227155
2019-02-09,27.3804760136342
2019-02-10,27.0777201728052
2019-02-11,27.7405690426063
2019-02-12,28.0386689051907
2019-02-13,27.5759758914273
2019-02-14,28.0716259613667
2019-02-15,27.2866472572963
2019-02-16,27.5632821829274
2019-02-17,27.2725116074691
2019-02-18,27.7878017155488
2019-02-19,27.6649011381169
2019-02-20,27.6299261898713
2019-02-21,28.2730588998605
2019-02-22,27.4171118131842
2019-02-23,27.778046519277
2019-02-24,27.1731001292704
2019-02-25,27.4498338675608
2019-02-27,27.4999139534722
2019-02-28,27.8757709479584
2019-03-01,27.8666891094129
2019-03-02,28.54614854826
2019-03-03,27.1813685608959
2019-03-04,27.9644902078587
2019-03-05,27.5107973876588
2019-03-06,27.5135942231767
2019-03-07,27.0474635197768
2019-03-08,27.2886993891067
2019-03-09,27.6830881340519
2019-03-10,26.860604317663
2019-03-11,27.640449034605
2019-03-12,27.2233018267341
2019-03-13,27.3115635897965
2019-03-14,26.7494769074149
2019-03-15,27.3563110883062
2019-03-16,27.824741465477
2019-03-17,27.4517687795681
2019-03-18,27.4536947792884
2019-03-19,27.2426679763983
2019-03-20,28.0782957164598
2019-03-21,27.6769564166117
2019-03-22,27.7051002531124
2019-03-23,27.6931646978199
2019-03-24,27.8657482406412
2019-03-25,28.3997763723002
2019-03-26,27.74023290999
2019-03-27,27.8746490778454
2019-03-28,27.2396824885592
2019-03-29,27.7309657773214
2019-03-30,27.607451170614
2019-03-31,27.7718044364955
2019-04-01,28.0583296169675
2019-04-02,28.3633079132279
2019-04-03,28.1372520260394
2019-04-05,28.0331836153743
2019-04-06,27.6775856590962
2019-04-07,28.146503202418
2019-04-08,28.0755007880225
2019-04-09,28.1706063779483
2019-04-10,29.1351334279161
2019-04-11,28.2735901827436
2019-04-12,29.0671373730984
2019-04-13,28.3228507873838
2019-04-14,28.5489899386952
2019-04-15,28.3368451500541
2019-04-16,28.5686654763274
2019-04-17,28.7400188528576
2019-04-18,27.7197041713183
2019-04-19,28.32987237385
2019-04-20,27.9030682254692
2019-04-21,28.6654612319553
2019-04-22,27.8576101852825
2019-04-23,28.1302403628358
2019-04-24,28.2855870928344
2019-04-26,28.6760414721203
2019-04-27,28.2225522443274
2019-04-28,29.0103157095123
2019-04-29,28.1111689722115
2019-04-30,28.240119327679
2019-05-01,28.4446053177795
2019-05-02,28.1883202698941
2019-05-03,29.3871836851326
2019-05-04,28.9130909245411
2019-05-05,29.9797998821165
2019-05-06,28.2590295271042
2019-05-07,28.2663843298516
2019-05-08,28.3774715876816
2019-05-09,28.5928279162052
2019-05-10,28.0881149316771
2019-05-11,28.9225939546154
2019-05-12,29.3555302513326
2019-05-13,28.1576318588185
2019-05-14,28.3135615639491
2019-05-15,27.5137786850725
2019-05-16,28.723607087189
2019-05-17,27.8337083387625
2019-05-18,28.6276067267171
2019-05-19,29.389568553497
2019-05-20,28.7068290648422
2019-05-21,28.5971377816486
2019-05-22,27.8924862467072
2019-05-23,28.604401172561
2019-05-24,28.3285977849501
2019-05-25,28.4325068247514
2019-05-26,29.0256812998694
2019-05-27,28.7154983942668
2019-05-28,28.4810637648737
2019-05-29,29.3099365397366
2019-05-30,28.9125498523671
2019-05-31,28.4924336313971
2019-06-01,28.5046405931892
2019-06-02,28.5922449312051
2019-06-03,28.6687194559111
2019-06-04,28.7351671197566
2019-06-05,28.3974493946479
2019-06-06,28.8133103914978
2019-06-07,28.4160909747413
2019-06-08,28.9922587791346
2019-06-09,28.6321916211884
2019-06-10,28.8104705163649
2019-06-11,28.9194921043986
2019-06-12,29.2627954971728
2019-06-13,28.9394594013933
2019-06-14,28.6965687961159
2019-06-15,28.9924137254891
2019-06-16,28.2784655217593
2019-06-17,28.8171280652646
2019-06-18,28.7681746741578
2019-06-19,28.6769403723309
2019-06-20,28.1884880239145
2019-06-21,28.0425529422849
2019-06-22,28.098603142957
2019-06-23,27.4178590628098
2019-06-24,28.1815194487099
2019-06-25,28.500941428714
2019-06-26,29.1619814327845
2019-06-27,28.9468706931401
2019-06-28,28.9141655198226
2019-06-29,28.8302088369099
2019-06-30,27.8042517429881
2019-07-01,28.582508237246
2019-07-02,27.2365735931159
2019-07-03,28.4304304567347
2019-07-04,28.1877940053716
2019-07-05,28.5453092188729
2019-07-06,28.6029828708849
2019-07-07,28.4790938084085
2019-07-08,28.4938350450594
2019-07-09,28.4447014475606
2019-07-10,29.3147091216057
2019-07-11,28.5327785824781
2019-07-12,28.55739777572
2019-07-13,28.2062323583651
2019-07-14,28.5490485087647
2019-07-15,28.7071118996639
2019-07-16,28.4739388878583
2019-07-17,28.589885407853
2019-07-18,28.3491926854137
2019-07-19,28.6319530282977
2019-07-20,28.4444370724932
2019-07-21,28.3277858754506
2019-07-22,27.8691947182972
2019-07-23,28.3932767850769
2019-07-24,28.870334158675
2019-07-25,27.637785369516
2019-07-26,28.6551203898679
2019-07-27,28.2538087688334
2019-07-28,28.2622669560161
2019-07-29,28.6801881811269
2019-07-30,28.7507490928831
2019-07-31,29.1642240025622
2019-08-01,28.8137672014763
2019-08-02,28.8853645302053
2019-08-03,28.585951887225
2019-08-04,28.8502349698319
2019-08-05,28.6009936859034
2019-08-06,29.064575279316
2019-08-07,29.3012887558112
2019-08-08,29.0832475246883
2019-08-09,29.0499667865976
2019-08-10,28.9380521498615
2019-08-11,29.0058918104166
2019-08-12,28.4563033499376
2019-08-13,29.0031980451299
2019-08-14,29.1379030014139
2019-08-15,28.7793595779879
2019-08-16,29.5176042304658
2019-08-17,28.7481659312016
2019-08-18,28.6635752249883
2019-08-19,28.3869174585342
2019-08-20,28.6353289951615
2019-08-21,28.3353107379386
2019-08-22,28.7957994026228
2019-08-23,29.1081200726973
2019-08-24,28.8485214290878
2019-08-25,28.9331152299902
2019-08-26,28.635428570788
2019-08-27,29.0503651801645
2019-08-28,28.5115154231822
2019-08-29,29.1611965270227
2019-08-30,29.3083011123024
2019-08-31,29.4193947460692
2019-09-01,29.6382548245103
2019-09-02,29.1388134080745
2019-09-03,29.6063962349838
2019-09-04,29.3453373628465
2019-09-05,29.5625894385633
2019-09-06,29.3391180870622
2019-09-07,29.2179170321551
2019-09-08,29.1648374177036
2019-09-09,29.0270860287953
2019-09-10,29.2156370409129
2019-09-11,29.4609385270887
2019-09-12,29.864463902263
2019-09-13,29.713551447285
2019-09-14,29.5170193916954
2019-09-15,29.1530965780724
2019-09-16,29.4088514023689
2019-09-17,29.5163296667389
2019-09-18,29.5400889157818
2019-09-19,29.4952873290921
2019-09-20,30.0118412130147
2019-09-21,30.299759675327
2019-09-22,29.6229571225504
2019-09-23,30.4399214244547
2019-09-24,29.4223240476288
2019-09-25,29.7793316532794
2019-09-26,29.7213254239946
2019-09-27,29.8914960177891
2019-09-28,30.0109426208159
2019-09-29,30.4462107283401
2019-09-30,29.5136787549897
2019-10-01,29.2947415020851
2019-10-02,29.6350311886096
2019-10-03,29.413383836473
2019-10-04,29.252940073226
2019-10-05,29.5695858932234
2019-10-06,29.7912829282817
2019-10-07,29.3378320509966
2019-10-08,29.4720444942992
2019-10-09,29.533610044092
2019-10-10,28.5021235053869
2019-10-11,29.8368486796441
2019-10-12,29.9233873132875
2019-10-13,29.4139180844745
2019-10-14,26.9739039283887
2019-10-15,29.3004110378606
2019-10-16,28.9378609759362
2019-10-17,28.439794709619
2019-10-18,28.7112665179848
2019-10-19,28.3243475355427
2019-10-20,29.658143449971
2019-10-21,29.5834334104937
2019-10-22,28.5031631646628
2019-10-23,28.5123649656242
2019-10-24,28.85937466449
2019-10-25,29.1138728250609
2019-10-26,28.2919859278311
2019-10-27,28.7780321059471
2019-10-28,28.2901916316284
2019-10-29,28.9202509041061
2019-10-30,29.1169091842438
2019-10-31,29.1128388002816
2019-11-01,28.5926399076134
2019-11-02,28.8060608678252
2019-11-03,28.8471978426627
2019-11-04,28.6349561357909
2019-11-05,28.846372420474
2019-11-06,28.6892098184446
2019-11-07,28.3838491647402
2019-11-08,28.5854653949373
2019-11-09,29.1166657733298
2019-11-10,28.8916190238052
2019-11-11,29.0010929008713
2019-11-12,29.2258306590771
2019-11-13,28.9749974147558
2019-11-14,29.0389825893736
2019-11-15,28.4193566361168
2019-11-16,28.8952674640597
2019-11-17,29.0948863392747
2019-11-18,29.1349557961388
2019-11-19,28.7074522931663
2019-11-20,28.5778312574873
2019-11-21,28.5515947104304
2019-11-22,28.5195602311317
2019-11-23,28.7000597000596
2019-11-24,28.6684888728552
2019-11-25,28.5234202983112
2019-11-26,28.422690940804
2019-11-27,28.3694086607718
2019-11-28,28.4483527859318
2019-11-29,28.3876823651292
2019-11-30,28.4783530368617
2019-12-01,28.2644179321153
2019-12-02,28.4929914755546
2019-12-03,28.2983464387116
2019-12-04,28.145060578663
2019-12-05,28.4689780969184
2019-12-06,28.3732535257866
2019-12-07,28.7419975759376
2019-12-08,28.4643075478452
2019-12-09,28.4544918208318
2019-12-10,28.2567624754152
2019-12-12,28.3700906952163
2019-12-13,28.2068530254843
2019-12-14,28.5884632553015
2019-12-15,28.3784041607706
2019-12-16,28.1421784150865
2019-12-17,28.4072473466223
2019-12-18,28.3274724163866
2019-12-19,28.4194300842042
2019-12-20,28.0229017873061
2019-12-21,28.341118918467
2019-12-22,28.2334202550817
2019-12-23,28.3796777759634
2019-12-24,28.3246884744591
2019-12-25,27.9662252939687
2019-12-26,28.0746255255433
2019-12-27,28.238273722988
2019-12-28,28.2614137731656
2019-12-29,28.0518736927206
2019-12-30,28.0067185958051
2019-12-31,28.5759624970432
2020-01-01,28.0854178259959
2020-01-02,27.9512950276014
2020-01-03,27.7606556063818
2020-01-04,27.9004360887593
2020-01-05,27.6619989731449
2020-01-06,27.9331768075427
2020-01-07,27.8580450759224
2020-01-08,28.0198069679752
2020-01-09,27.7959913064624
2020-01-10,27.6210371670257
2020-01-11,27.8625112970126
2020-01-12,27.7093784896422
2020-01-13,27.9110756086328
2020-01-14,27.7546916683955
2020-01-15,27.8163160663689
2020-01-16,27.8605865092965
2020-01-17,27.7338502078771
2020-01-18,27.8538415302033
2020-01-19,27.4078579561337
2020-01-20,27.9349580104161
2020-01-21,27.8764454225277
2020-01-22,28.3466902262616
2020-01-23,27.8964461872461
2020-01-24,27.8988872006147
2020-01-25,27.9409476232662
2020-01-26,27.5812946641595
2020-01-27,28.0249374342777
2020-01-28,28.2188621144504
2020-01-29,28.1639354626538
2020-01-30,27.9742176898588
2020-01-31,28.0952832214066
2020-02-01,28.1271082045958
2020-02-02,27.741981311216
2020-02-03,27.5710835966127
2020-02-04,27.3654211153629
2020-02-05,27.9525582380023
2020-02-06,27.6957755013461
2020-02-07,28.0167442983518
2020-02-08,27.8852773827901
2020-02-09,27.8706359840673
2020-02-10,27.9282315997134
2020-02-11,27.5118661694123
2020-02-12,27.9764518043749
2020-02-13,27.3976890705368
2020-02-14,28.0004679049631
2020-02-15,27.6920105550066
2020-02-16,27.5803900029958
2020-02-17,27.9055178285291
2020-02-18,27.6652687745275
2020-02-19,27.7516288782651
2020-02-20,27.1729392508224
2020-02-21,27.4174566386168
2020-02-22,27.4226635858422
2020-02-23,27.8843025970335
2020-02-24,27.857584771883
2020-02-25,27.6897122607872
2020-02-26,28.3768749878875
2020-02-27,28.0894250674067
2020-02-28,28.0407794078838
2020-02-29,27.3969928222721
2020-03-01,27.5068274827482
2020-03-02,27.6510155668452
2020-03-03,27.730706654207
2020-03-04,27.9653725977301
2020-03-05,27.843273867571
2020-03-06,27.745349422553
2020-03-07,27.2911541095706
2020-03-08,27.5193347005231
2020-03-09,27.0329566086253
2020-03-10,27.6518857396588
2020-03-11,27.9645625158905
2020-03-12,27.8077019953708
2020-03-13,27.9240867190256
2020-03-14,27.5071158297002
2020-03-15,27.7112541491212
2020-03-16,27.421960108285
2020-03-17,27.7213180700333
2020-03-18,27.9927372620105
2020-03-19,27.6185387717765
2020-03-20,28.1465116175971
2020-03-21,27.8473884416882
2020-03-22,27.7956796310999
2020-03-23,27.4667158150633
2020-03-24,27.9551523330412
2020-03-25,27.7695969334764
2020-03-26,28.0524640800267
2020-03-27,28.1165566114774
2020-03-28,27.6963220670856
2020-03-29,28.3479987745431
2020-03-30,27.8030225136953
2020-03-31,28.316352946255
2020-04-01,28.5196854806982
2020-04-02,28.3722326398319
2020-04-03,28.7052480724188
2020-04-04,28.3310142518056
2020-04-05,28.8102203383962
2020-04-06,28.1215059116503
2020-04-07,28.8646237194385
2020-04-08,28.2977135016008
2020-04-09,28.3809123902367
2020-04-10,28.3796948153859
2020-04-11,28.246327906161
2020-04-12,27.8870831892601
2020-04-13,27.6840716457738
2020-04-14,28.1727642763376
2020-04-15,28.1073707544648
2020-04-16,28.3405374716591
2020-04-17,28.0351998710714
2020-04-18,28.6216683683118
2020-04-19,28.7076470657469
2020-04-20,28.9655431512176
2020-04-21,29.5103099044383
2020-04-22,28.3364291765007
2020-04-23,28.9531135524025
2020-04-24,28.6075436931512
2020-04-25,28.4996222448844
2020-04-26,28.6519079903222
2020-04-27,28.2087393012165
2020-04-28,28.9633095357884
2020-04-30,29.2573169211166
2020-05-01,28.833517381484
2020-05-02,29.3561996564721
2020-05-04,28.8097155221164
2020-05-05,28.3163479176231
2020-05-06,28.9035044486483
2020-05-07,29.7254962227194
2020-05-08,28.7408392124337
2020-05-09,29.2865712119803
2020-05-10,28.7696166971793
2020-05-11,28.8970969649799
2020-05-12,28.9605158295149
2020-05-13,28.8403043814888
2020-05-14,29.0114394565376
2020-05-15,29.0640261732741
2020-05-16,29.5729178611627
2020-05-17,28.8266200107106
2020-05-18,29.1015246826605
2020-05-19,28.8015818576699
2020-05-20,29.5877713408341
2020-05-21,29.5187049842369
2020-05-22,29.2649003552943
2020-05-23,29.7926477449066
2020-05-24,29.2269430408002
2020-05-25,29.3383774817193
2020-05-26,29.1460746147769
2020-05-27,28.5790602376039
2020-05-28,29.1342416110791
2020-05-29,28.7283968702464
2020-05-30,28.8841976766946
2020-05-31,28.3689972696241
2020-06-01,28.7476308575284
2020-06-02,28.5754718380978
2020-06-03,28.7347971181853
2020-06-04,28.0746437492194
2020-06-05,28.6081549822953
2020-06-06,28.3278343877997
2020-06-07,28.8824094620093
2020-06-08,28.9958597500096
2020-06-09,29.0295878093713
2020-06-10,29.1603313310238
2020-06-11,28.8305911182925
2020-06-12,29.154981103227
2020-06-13,28.7473233131018
2020-06-14,28.7567082580973
2020-06-15,29.3093626533631
2020-06-16,28.6740294349917
2020-06-17,28.68635984699
2020-06-18,28.5939746366426
2020-06-19,28.6127233835974
2020-06-20,28.7384270223935
2020-06-21,28.993340567859
2020-06-22,28.75989300191
2020-06-23,27.0407741751394
2020-06-24,29.1309474882526
2020-06-25,27.4711116507103
2020-06-26,28.2488845223527
2020-06-27,28.0486824839023
2020-06-28,28.295153914681
2020-06-29,28.3679592710129
2020-06-30,27.8859016597483
2020-07-01,28.576751415139
2020-07-02,28.3729285600264
2020-07-03,28.7012223469228
2020-07-04,28.3174481571805
2020-07-05,28.3440345844462
2020-07-06,28.2232355473687
2020-07-07,28.5984750450062
2020-07-08,28.8017060146276
2020-07-09,29.0667681283563
2020-07-10,28.2390122743154
2020-07-11,28.1634234163241
2020-07-13,28.6086058930224
2020-07-14,28.5140647567555
2020-07-15,28.1931750157685
2020-07-16,28.1725736304883
2020-07-17,28.4626336774797
2020-07-18,28.6485889805012
2020-07-19,29.0917578352646
2020-07-20,28.8518795230337
2020-07-21,29.1720455262431
2020-07-22,28.8241455295813
2020-07-23,29.24274535237
2020-07-24,29.5971886812394
2020-07-25,29.2780221808927
2020-07-26,28.3831714303369
2020-07-27,29.0004346814649
2020-07-28,29.1049114880591
2020-07-29,28.4431176338402
2020-07-30,28.4349239357034
2020-07-31,28.2810864275527
2020-08-01,29.1510506258025
2020-08-02,29.0255579060667
2020-08-03,29.0555536275563
2020-08-04,29.6054111220673
2020-08-05,29.163270158883
2020-08-06,28.6644315877102
2020-08-07,29.0345351158285
2020-08-08,29.0147263435833
2020-08-09,29.1094542752386
2020-08-10,28.4633709870101
2020-08-11,28.8716738919783
2020-08-12,29.0067167913374
2020-08-13,29.0437797337879
2020-08-14,29.5983713082362
2020-08-15,28.8036815623127
2020-08-16,29.5727402591141
2020-08-18,29.2342978052998
2020-08-19,29.842789440377
2020-08-22,30.0077640965481
2020-08-23,29.5889741180737
2020-08-24,27.701675356133
2020-08-25,29.1446574457683
2020-08-26,29.112751190926
2020-08-27,28.854949448186
2020-08-30,28.3428633067091
2020-08-31,29.536000927968
2020-09-01,29.0832439689203
2020-09-03,28.962766414726
2020-09-04,29.5521217216092
2020-09-05,28.8263435807105
2020-09-06,29.4291729792691
2020-09-07,29.522193229001
2020-09-08,29.3593720397258
2020-09-09,29.4961266786179
2020-09-10,29.1907201135533
2020-09-11,29.8765284186898
2020-09-12,29.3886475609943
2020-09-13,29.5163621012058
2020-09-14,29.8125259986613
2020-09-15,28.7952432509084
2020-09-16,29.6139481970472
2020-09-17,29.8471219154536
2020-09-18,29.265542813314
2020-09-19,29.1718265279518
2020-09-20,30.073155282188
2020-09-21,29.7735975207336
2020-09-22,30.2281426817193
2020-09-23,30.6847330356471
2020-09-24,30.4518857826564
2020-09-25,30.2370352702126
2020-09-26,29.5159760127051
2020-09-27,30.2084683311219
2020-09-28,29.8087775505338
2020-09-29,30.2481821742272
2020-09-30,29.3804176715785
2020-10-01,29.7348033274225
2020-10-02,29.7179967419041
2020-10-03,29.7416876542985
2020-10-04,29.4439140230686
2020-10-05,27.8969106558067
2020-10-06,29.1650573576572
2020-10-07,28.1988520034897
2020-10-08,28.9128268007406
2020-10-09,28.591689656944
2020-10-10,28.6876859302264
2020-10-11,28.8532514295012
2020-10-12,29.2001495277517
2020-10-13,29.7128856302098
2020-10-14,28.8639710044791
2020-10-15,29.2893861014196
2020-10-16,28.8984677781348
2020-10-17,28.9654092123739
2020-10-18,28.834984282621
2020-10-19,29.5612188996339
2020-10-20,29.1381559214006
2020-10-21,28.7500536164145
2020-10-22,28.6183140525158
2020-10-23,28.8230837895363
2020-10-24,29.3140857068077
2020-10-25,28.0265050267557
2020-10-26,28.2998917053509
2020-10-27,28.9124554172718
2020-10-28,29.3775940542709
2020-10-29,29.4255399427538
2020-10-30,28.7886229525265
2020-10-31,28.6722011649424
2020-11-01,29.0313859705098
2020-11-02,28.2716069098712
2020-11-03,28.2521362898715
2020-11-04,29.4691639121207
2020-11-05,27.8027124186909
2020-11-06,26.9220649904864
2020-11-07,28.3831914231089
2020-11-08,27.4522396521896
2020-11-09,28.6594519484158
2020-11-10,27.9043203376346
2020-11-11,28.8297504535008
2020-11-12,28.3816767681423
2020-11-13,27.6028871453292
2020-11-14,28.2824843912647
2020-11-15,27.5861689829564
2020-11-16,28.2874255893005
2020-11-17,27.3938270482171
2020-11-18,28.037951240389
2020-11-20,27.7204114421835
2020-11-21,27.9804182303311
2020-11-22,28.0033650011678
2020-11-23,28.0754494241972
2020-11-24,27.705756590579
2020-11-25,28.2242320820789
2020-11-26,27.8584725058862
2020-11-27,28.1641604598598
2020-11-28,28.005904835352
2020-11-29,27.8346976825852
2020-11-30,27.9966486449455
2020-12-01,27.8702381034068
2020-12-02,27.8887431164182
2020-12-03,27.9687380825581
2020-12-04,28.3621859188967
2020-12-05,27.9592625967739
2020-12-06,27.8728293729592
2020-12-07,28.1271568860469
2020-12-08,27.9373322972439
2020-12-09,28.1049767836514
2020-12-10,27.4969998202213
2020-12-11,27.8486714974903
2020-12-12,27.7460744012742
2020-12-13,27.6572051037907
2020-12-14,27.8281981280958
2020-12-15,27.5554991880294
2020-12-16,27.9293540931555
2020-12-17,27.8816740333798
2020-12-18,27.8964015894163
2020-12-19,27.5514464054453
2020-12-20,27.6959601962656
2020-12-21,27.8613301017125
2020-12-22,27.497524571579
2020-12-23,27.6050702487279
2020-12-24,27.505195294986
2020-12-25,28.1117391955947
2020-12-26,27.3773054060243
2020-12-27,27.6846880536071
2020-12-28,27.4467492717522
2020-12-29,27.6195132054962
2020-12-30,27.8711796939584
2020-12-31,27.4400027748462
2021-01-01,27.4001542401658
2021-01-02,27.0673419807005
2021-01-03,27.3447280364083
2021-01-04,27.3787282851667
2021-01-05,27.5639237473984
2021-01-06,27.6635460805363
2021-01-07,27.4506499049833
2021-01-08,27.7972150956413
2021-01-09,27.6541197368012
2021-01-10,27.5805661413219
2021-01-11,27.4332933382844
2021-01-12,27.9253235344403
2021-01-13,27.3529186535853
2021-01-14,27.4748053090306
2021-01-15,27.5172701253197
2021-01-16,27.8223025948354
2021-01-17,27.4940590387234
2021-01-18,27.5480600211379
2021-01-19,27.6205514179245
2021-01-20,27.0600869206543
2021-01-21,26.9764853043214
2021-01-22,27.1502878231229
2021-01-23,26.841943803793
2021-01-24,27.2718834556324
2021-01-25,27.2461256962089
2021-01-26,27.2912492569125
2021-01-27,27.4533732250251
2021-01-28,27.3359181281633
2021-01-29,26.9027008068832
2021-01-30,26.6197137336955
2021-01-31,26.996006982393
2021-02-01,27.1004501943133
2021-02-02,27.398625038941
2021-02-03,26.6851646837569
2021-02-04,27.0615510564133
2021-02-05,27.1052131915171
2021-02-06,27.1233644353519
2021-02-07,27.3488572720315
2021-02-08,26.8338061026365
2021-02-09,27.3386916786788
2021-02-10,27.365756863928
2021-02-11,27.4605207401352
2021-02-12,27.5751437365184
2021-02-13,27.5434010130578
2021-02-14,27.835967919114
2021-02-15,27.5879284100391
2021-02-16,27.6748119919024
2021-02-18,27.489813228475
2021-02-19,27.5903725389688
2021-02-20,27.4929220074119
2021-02-21,27.6525720505631
2021-02-22,27.5249788984554
2021-02-23,27.4971309872721
2021-02-24,27.2248925672332
2021-02-25,27.286303644542
2021-02-26,27.1685944120817
2021-02-27,27.1301783454817
2021-03-01,27.2302797469175
2021-03-02,27.3287540246703
2021-03-03,26.9494627793974
2021-03-04,27.7688962582906
2021-03-05,27.8758186825881
2021-03-06,27.8032131171532
2021-03-07,27.9195160297395
2021-03-08,27.2673090574386
2021-03-09,27.2977670869991
2021-03-10,27.2278751412056
2021-03-11,27.3450100232899
2021-03-12,27.2240802159393
2021-03-13,27.5345168972151
2021-03-14,27.4567200010088
2021-03-15,27.6570108957452
2021-03-16,27.6478298206763
2021-03-17,27.4481124214374
2021-03-18,27.6916175545426
2021-03-19,27.62851495294
2021-03-20,27.9078494851663
2021-03-21,27.2571113958194
2021-03-22,27.4933911890716
2021-03-23,27.6719251908083
2021-03-24,27.663113700387
2021-03-25,27.8430973231388
2021-03-26,27.359507334527
2021-03-27,27.5546406332845
2021-03-28,27.2235263442527
2021-03-29,27.474614446419
2021-03-31,27.3704655793239
2021-04-01,27.2327505806855
2021-04-02,27.532709819701
2021-04-03,27.3413276306859
2021-04-04,27.1806978600146
2021-04-05,27.3704992785043
2021-04-06,27.0981258758167
2021-04-07,28.1469199702223
2021-04-08,28.285939705108
2021-04-09,27.4745549472582
2021-04-10,28.4769391884609
2021-04-11,28.0887855005701
2021-04-12,28.2988464821295
2021-04-13,28.5170791001589
2021-04-14,27.6836725761942
2021-04-15,28.0225977268705
2021-04-16,27.5347402099919
2021-04-17,27.7807911434779
2021-04-18,27.1291368578948
2021-04-19,28.6132502800769
2021-04-20,27.8644630657433
2021-04-21,27.9426809211285
2021-04-22,28.0743655929467
2021-04-23,27.7735128204312
2021-04-24,28.087786434134
2021-04-25,27.9545780379413
2021-04-26,28.3780051779781
2021-04-27,27.3897378717651
2021-04-28,27.7906483526898
2021-04-29,27.7733003129881
2021-04-30,28.0363277747118
2021-05-01,28.076585430114
2021-05-02,28.0167027886217
2021-05-03,28.6887110369917
2021-05-04,27.8669340740261
2021-05-05,28.0520866390905
2021-05-06,28.0221597629151
2021-05-07,28.3150113083224
2021-05-08,28.1672593354061
2021-05-09,28.2104728317794
2021-05-10,28.5439090742088
2021-05-11,27.8599647161804
2021-05-12,28.4361507614689
2021-05-13,27.9941295275668
2021-05-14,28.3345009550023
2021-05-15,28.5682759277476
2021-05-16,28.2762556544822
2021-05-17,28.8145690288487
2021-05-18,28.4313707666939
2021-05-19,28.712762683262
2021-05-20,28.240245013393
2021-05-21,28.697257618752
2021-05-22,27.8369771245684
2021-05-23,28.2532492562873
2021-05-24,28.696548920045
2021-05-25,28.0402126399939
2021-05-26,28.1779029707145
2021-05-27,27.7860023721195
2021-05-28,28.3084502790221
2021-05-29,28.4912828430988
2021-05-30,28.6100242179632
2021-05-31,28.7463988254109
2021-06-01,28.5111904489474
2021-06-02,28.5981635608782
2021-06-03,28.2982367274125
2021-06-04,28.4982622360853
2021-06-05,28.099030041861
2021-06-06,28.2282908237517
2021-06-07,28.1105924155671
2021-06-08,28.5081120282369
2021-06-09,28.0518670548389
2021-06-11,28.6195264350441
2021-06-12,28.1545189055496
2021-06-13,28.2749620272511
2021-06-14,27.6226053602055
2021-06-15,28.1443038814961
2021-06-16,27.4894108602275
2021-06-17,27.7515122600949
2021-06-18,28.0182337621208
2021-06-19,28.3956878076243
2021-06-20,28.351662711828
2021-06-21,28.2769779367503
2021-06-22,28.2939101873513
2021-06-23,28.3011341520701
2021-06-24,28.7131940177979
2021-06-25,28.9054443776127
2021-06-26,28.5734470833043
2021-06-27,28.98957760076
2021-06-28,28.7500492561615
2021-06-29,28.631572802213
2021-06-30,28.2344900699047
2021-08-25,28.1816873049511
2021-08-26,28.6198126985738
2021-08-27,28.9301783513386
2021-08-28,28.6843046807737
2021-08-29,28.543897190136
2021-08-30,28.4267760196658
2021-08-31,27.9202111758641
2021-09-01,28.4394124627208
2021-09-02,28.3399523754752
2021-09-03,27.9431549865601
2021-09-04,28.7136870356111
2021-09-05,28.6775607616573
2021-09-06,28.6867419839212
2021-09-07,28.6014732492767
2021-09-08,29.2077360836574
2021-09-09,28.8456214129715
2021-09-10,28.4861894639528
2021-09-11,28.4382726624365
2021-09-12,28.6993079229073
2021-09-13,29.3025589269918
2021-09-14,28.7030750057791
2021-09-15,28.7941602537374
2021-09-16,29.2675087257642
2021-09-17,28.8797323446756
2021-09-18,28.6000182379621
2021-09-19,28.6695738310845
2021-09-20,28.8420124477771
2021-09-21,29.24820319947
2021-09-22,29.2859973623173
2021-09-23,29.7972320065168
2021-09-24,29.0692526773259
2021-09-25,28.9666327502153
2021-09-26,29.08213514375
2021-09-27,29.3684362409861
2021-09-28,29.4945204329577
2021-09-29,29.5854379981412
2021-09-30,29.4456738931528
2021-10-01,29.2089663509934
2021-10-02,29.5609799621238
2021-10-03,29.3436034024238
2021-10-04,29.3682332152042
2021-10-05,29.3190777254152
2021-10-06,29.4370554100894
2021-10-07,29.0605488515041
2021-10-08,28.9231875656082
2021-10-09,29.1571359774303
2021-10-10,29.4215357355777
2021-10-11,29.3745560694418
2021-10-12,29.1813618957317
2021-10-13,29.1894214697457
2021-10-14,29.2897035390683
2021-10-15,29.7800946922923
2021-10-16,29.8834272227372
2021-10-17,29.0846083360193
2021-10-18,29.4801255609529
2021-10-19,28.568589242831
2021-10-20,29.1292650319056
2021-10-21,29.4311396175793
2021-10-22,29.3041076797544
2021-10-23,29.3134461584666
2021-10-24,28.8122245591914
2021-10-25,28.9676609164279
2021-10-26,29.0312653711771
2021-10-27,29.1347527122337
2021-10-28,29.1896153480718
2021-10-29,29.2069674523318
2021-10-30,29.074103098052
2021-10-31,28.2665629651998
2021-12-04,27.4768109211261
2021-12-05,27.8406309332656
2021-12-06,27.5133049728543
2021-12-07,27.6408142391957
2021-12-08,27.5604884455376
2021-12-09,27.3375124307622
2021-12-10,27.6044828603831
2021-12-11,27.3719571190955
2021-12-12,27.7471379877533
2021-12-13,27.469871324037
2021-12-14,27.9214394096827
2021-12-15,27.5228571085118
2021-12-16,27.4898516973127
2021-12-17,27.5526804395556
2021-12-18,27.5435172740331
2021-12-19,27.6692536081322
2021-12-21,28.1487935754695
2021-12-22,27.584013766901
2021-12-23,27.6075170356685
2021-12-24,27.1657457464127
2021-12-25,26.989613240096
2021-12-27,27.0866707168456
2021-12-28,27.6334553873623
2021-12-29,27.5581317520779
2021-12-30,27.4568376581744
2021-12-31,27.4524432484959
2022-01-01,27.4438539251604
2022-01-02,27.5530523511775
2022-01-03,27.4251883734234
2022-01-04,27.5119081635289
2022-01-05,27.1582972345448
2022-01-06,27.5940562055629
2022-01-07,27.4556888170836
2022-01-08,27.6274656449604
2022-01-09,27.4943424624579
2022-01-10,27.4875347397435
2022-01-11,27.3728991987216
2022-01-12,27.3671283872959
2022-01-13,27.780665317652
2022-01-14,27.6650776776543
2022-01-15,27.4776666396512
2022-01-16,27.3698846098772
2022-01-17,27.3038653324192
2022-01-18,27.1377943002757
2022-01-19,26.9732915346916
2022-01-20,27.2076884787791
2022-01-21,27.2058015875908
2022-01-22,27.3932906308272
2022-01-23,27.2793914932346
2022-01-24,27.1784914852122
2022-01-25,27.2759956894269
2022-01-26,27.1227350291096
2022-01-27,27.3772820811949
2022-01-28,27.3067128367263
2022-01-29,27.4662899832642
2022-01-30,27.3406894963463
2022-01-31,26.9552123767687
2022-02-01,27.1390779247966
2022-02-02,27.0487577342428
2022-02-03,27.2789686552535
2022-02-04,27.0557667376761
2022-02-05,27.3849812951865
2022-02-06,27.196795483615
2022-02-07,27.579398227363
2022-02-08,27.5488497470653
2022-02-09,27.7730301037548
2022-02-10,27.4196710812364
2022-02-11,27.2939371203382
2022-02-12,27.3548560176511
2022-02-13,27.4799080965853
2022-02-14,27.3220418364905
2022-02-15,27.1243429113111
2022-02-16,27.2729306844528
2022-02-17,27.0259369975228
2022-02-18,27.1332333597583
2022-02-19,27.3504602048881
2022-02-20,26.9704996562146
2022-02-21,27.2872793703609
2022-02-22,27.1160402410311
2022-02-23,27.2312380724869
2022-02-24,27.2468941584626
2022-02-25,27.0731977715642
2022-02-26,27.1271000799498
2022-02-27,27.0279495958636
2022-02-28,27.5044528971708
